{
  "final_test_acc": 1.0,
  "final_test_loss": 5.786856127087958e-05,
  "steps_to_0.5": 6000,
  "steps_to_0.9": 7000,
  "weight_norm_reduction": 0.7780093431957766,
  "benford_chi2_reduction": 0.9860371190720827,
  "p1_change": 0.12371337299757984,
  "condition": "full_steerage_v1",
  "seed": 74
}