{
  "final_test_acc": 1.0,
  "final_test_loss": 2.2876234652358107e-05,
  "steps_to_0.5": 6500,
  "steps_to_0.9": 8000,
  "weight_norm_reduction": 0.7232511414881919,
  "benford_chi2_reduction": 0.7924760119156795,
  "p1_change": 0.17027389363682516,
  "condition": "full_steerage_v3",
  "seed": 108
}