{
  "final_test_acc": 1.0,
  "final_test_loss": 0.006463708356022835,
  "steps_to_0.5": 8500,
  "steps_to_0.9": 8500,
  "weight_norm_reduction": 0.7479261839081982,
  "benford_chi2_reduction": 0.9665979631453263,
  "p1_change": 0.16160539356920592,
  "condition": "full_steerage_v1",
  "seed": 44
}