{
  "final_test_acc": 1.0,
  "final_test_loss": 0.00020386830146890134,
  "steps_to_0.5": 8000,
  "steps_to_0.9": 8000,
  "weight_norm_reduction": 0.7636471085077352,
  "benford_chi2_reduction": 0.9876726708751152,
  "p1_change": 0.13828944335599863,
  "condition": "full_steerage_v2",
  "seed": 12
}