{
  "final_test_acc": 1.0,
  "final_test_loss": 4.039810301037505e-05,
  "steps_to_0.5": 6000,
  "steps_to_0.9": 6500,
  "weight_norm_reduction": 0.7799139563035737,
  "benford_chi2_reduction": 0.983786739647925,
  "p1_change": 0.1195869828281664,
  "condition": "full_steerage_v2",
  "seed": 73
}