{
  "final_test_acc": 0.9980676174163818,
  "steps_to_0.5": 7500,
  "steps_to_0.9": 8000,
  "weight_norm_reduction": 0.7382384165568044
}