{
  "final_test_acc": 1.0,
  "final_test_loss": 1.2961703760083765e-05,
  "steps_to_0.5": 7500,
  "steps_to_0.9": 8000,
  "weight_norm_reduction": 0.7311876872957773,
  "benford_chi2_reduction": 0.7868759068605977,
  "p1_change": 0.16964376375021156,
  "condition": "full_steerage_v3",
  "seed": 88
}