{
  "final_test_acc": 1.0,
  "final_test_loss": 0.0003124366339761764,
  "steps_to_0.5": 7500,
  "steps_to_0.9": 8000,
  "weight_norm_reduction": 0.6663552599687453,
  "benford_chi2_reduction": 0.9961465015935657,
  "p1_change": 0.09773597478422746,
  "condition": "full_steerage_v3",
  "seed": 29
}