{
  "final_test_acc": 1.0,
  "final_test_loss": 0.00026023719692602754,
  "steps_to_0.5": 8000,
  "steps_to_0.9": 8500,
  "weight_norm_reduction": 0.7623664745602622,
  "benford_chi2_reduction": 0.985839517621057,
  "p1_change": 0.13486624121240062,
  "condition": "full_steerage",
  "seed": 18
}