{
  "final_test_acc": 1.0,
  "final_test_loss": 4.514691318036057e-05,
  "steps_to_0.5": 6500,
  "steps_to_0.9": 7500,
  "weight_norm_reduction": 0.7812610742133483,
  "benford_chi2_reduction": 0.993295450133418,
  "p1_change": 0.13549289789097613,
  "condition": "full_steerage",
  "seed": 33
}