{
  "final_test_acc": 1.0,
  "final_test_loss": 0.00025765071040950716,
  "steps_to_0.5": 8000,
  "steps_to_0.9": 8500,
  "weight_norm_reduction": 0.7613119754308059,
  "benford_chi2_reduction": 0.9886785475870509,
  "p1_change": 0.13719369453728247,
  "condition": "full_steerage",
  "seed": 57
}