{
  "final_test_acc": 1.0,
  "final_test_loss": 1.2783107194991317e-05,
  "steps_to_0.5": 7500,
  "steps_to_0.9": 7500,
  "weight_norm_reduction": 0.7456323847623376,
  "benford_chi2_reduction": 0.7984972580663493,
  "p1_change": 0.16309892748349974,
  "condition": "full_steerage_v3",
  "seed": 36
}