{
  "final_test_acc": 1.0,
  "final_test_loss": 9.231402145815082e-06,
  "steps_to_0.5": 9000,
  "steps_to_0.9": 10000,
  "weight_norm_reduction": 0.678784237139949,
  "benford_chi2_reduction": 0.9323870257405339,
  "p1_change": 0.13510451140124374,
  "condition": "baseline",
  "seed": 81
}