{
  "final_test_acc": 1.0,
  "final_test_loss": 0.000119809978059493,
  "steps_to_0.5": 7000,
  "steps_to_0.9": 8000,
  "weight_norm_reduction": 0.7161561169553551,
  "benford_chi2_reduction": 0.9932957438206054,
  "p1_change": 0.13056256533385602,
  "condition": "baseline",
  "seed": 10
}