{
  "final_test_acc": 1.0,
  "final_test_loss": 0.005930877756327391,
  "steps_to_0.5": 7000,
  "steps_to_0.9": 8500,
  "weight_norm_reduction": 0.7539213283081482,
  "benford_chi2_reduction": 0.987106422133332,
  "p1_change": 0.15564675290999191,
  "condition": "full_steerage_v2",
  "seed": 67
}