{
  "final_test_acc": 0.9998067617416382,
  "steps_to_0.5": 8500,
  "steps_to_0.9": 9000,
  "weight_norm_reduction": 0.6374404953710425
}