{
  "final_test_acc": 1.0,
  "final_test_loss": 1.353729203401599e-05,
  "steps_to_0.5": 7500,
  "steps_to_0.9": 7500,
  "weight_norm_reduction": 0.7370826956656523,
  "benford_chi2_reduction": 0.8000151875068925,
  "p1_change": 0.16593041335251313,
  "condition": "full_steerage_v3",
  "seed": 123
}