{
  "final_test_acc": 1.0,
  "final_test_loss": 1.3377190043684095e-05,
  "steps_to_0.5": 7500,
  "steps_to_0.9": 8000,
  "weight_norm_reduction": 0.7468007511942301,
  "benford_chi2_reduction": 0.9128147400289321,
  "p1_change": 0.13125211541716025,
  "condition": "full_steerage_v3",
  "seed": 87
}