{
  "final_test_acc": 0.9996135234832764,
  "steps_to_0.5": 8000,
  "steps_to_0.9": 8000,
  "weight_norm_reduction": 0.7374592054985968
}