{
  "final_test_acc": 1.0,
  "final_test_loss": 7.158424068620661e-06,
  "steps_to_0.5": 8000,
  "steps_to_0.9": 8500,
  "weight_norm_reduction": 0.7015126096237366,
  "benford_chi2_reduction": 0.9434484794003385,
  "p1_change": 0.12811852202058407,
  "condition": "baseline",
  "seed": 116
}