{
  "final_test_acc": 1.0,
  "final_test_loss": 7.904401172709186e-06,
  "steps_to_0.5": 8500,
  "steps_to_0.9": 9500,
  "weight_norm_reduction": 0.6938914378925872,
  "benford_chi2_reduction": 0.9333541549295032,
  "p1_change": 0.13461781057933592,
  "condition": "baseline",
  "seed": 106
}