{
  "final_test_acc": 1.0,
  "final_test_loss": 7.040666969260201e-05,
  "steps_to_0.5": 8000,
  "steps_to_0.9": 9000,
  "weight_norm_reduction": 0.732217460404028,
  "benford_chi2_reduction": 0.9810642257690705,
  "p1_change": 0.12982449692930878,
  "condition": "baseline",
  "seed": 19
}