{
  "final_test_acc": 1.0,
  "final_test_loss": 0.00012868252815678716,
  "steps_to_0.5": 8500,
  "steps_to_0.9": 9500,
  "weight_norm_reduction": 0.7196188927457503,
  "benford_chi2_reduction": 0.9963825572158473,
  "p1_change": 0.1393234270874167,
  "condition": "baseline",
  "seed": 9
}