{
  "final_test_acc": 1.0,
  "final_test_loss": 7.256606477312744e-05,
  "steps_to_0.5": 7000,
  "steps_to_0.9": 7500,
  "weight_norm_reduction": 0.7396371622405126,
  "benford_chi2_reduction": 0.9828202574368275,
  "p1_change": 0.13470207761662095,
  "condition": "baseline",
  "seed": 47
}