{
  "final_test_acc": 1.0,
  "final_test_loss": 7.456313323928043e-05,
  "steps_to_0.5": 8000,
  "steps_to_0.9": 8500,
  "weight_norm_reduction": 0.733964611789025,
  "benford_chi2_reduction": 0.9807624019204692,
  "p1_change": 0.14318118711616357,
  "condition": "baseline",
  "seed": 4
}