{
  "final_test_acc": 1.0,
  "final_test_loss": 0.00017973493959289044,
  "steps_to_0.5": 7500,
  "steps_to_0.9": 8500,
  "weight_norm_reduction": 0.672532823284147,
  "benford_chi2_reduction": 0.9780628295325116,
  "p1_change": 0.12008033296666101,
  "condition": "full_steerage_v3",
  "seed": 61
}