{
  "final_test_acc": 1.0,
  "final_test_loss": 8.162948688550387e-06,
  "steps_to_0.5": 6500,
  "steps_to_0.9": 7500,
  "weight_norm_reduction": 0.6878369681243521,
  "benford_chi2_reduction": 0.9643294829568414,
  "p1_change": 0.12282334209186455,
  "condition": "baseline",
  "seed": 54
}