{
  "final_test_acc": 1.0,
  "final_test_loss": 5.897559276490938e-06,
  "steps_to_0.5": 8000,
  "steps_to_0.9": 9000,
  "weight_norm_reduction": 0.7029187368893334,
  "benford_chi2_reduction": 0.9276897954984795,
  "p1_change": 0.1333452285703895,
  "condition": "baseline",
  "seed": 95
}