{
  "final_test_acc": 1.0,
  "final_test_loss": 0.0001920426293509081,
  "steps_to_0.5": 7000,
  "steps_to_0.9": 8000,
  "weight_norm_reduction": 0.778160186967724,
  "benford_chi2_reduction": 0.9966426779268804,
  "p1_change": 0.1396517013368676,
  "condition": "full_steerage_v2",
  "seed": 66
}