{
  "final_test_acc": 1.0,
  "final_test_loss": 6.819343980168924e-05,
  "steps_to_0.5": 9000,
  "steps_to_0.9": 10500,
  "weight_norm_reduction": 0.6594096123189692,
  "benford_chi2_reduction": 0.9050984310922623,
  "p1_change": 0.13950840091646363,
  "condition": "baseline",
  "seed": 52
}