{
  "final_test_acc": 1.0,
  "final_test_loss": 3.95218876292347e-06,
  "steps_to_0.5": 5500,
  "steps_to_0.9": 7000,
  "weight_norm_reduction": 0.7681242030253368,
  "benford_chi2_reduction": 0.9935622376222288,
  "p1_change": 0.0967131705872398,
  "condition": "full_steerage_v3",
  "seed": 41
}