{
  "final_test_acc": 1.0,
  "final_test_loss": 0.0001693927333690226,
  "steps_to_0.5": 7000,
  "steps_to_0.9": 7500,
  "weight_norm_reduction": 0.7719574264647477,
  "benford_chi2_reduction": 0.9815745403645847,
  "p1_change": 0.11908277630517458,
  "condition": "full_steerage_v1",
  "seed": 94
}