{
  "final_test_acc": 1.0,
  "final_test_loss": 8.906156290322542e-05,
  "steps_to_0.5": 7500,
  "steps_to_0.9": 8500,
  "weight_norm_reduction": 0.7330223524231395,
  "benford_chi2_reduction": 0.9850106000512325,
  "p1_change": 0.14195515647458512,
  "condition": "baseline",
  "seed": 39
}