final_test_acc,final_test_loss,steps_to_0.5,steps_to_0.9,weight_norm_reduction,benford_chi2_reduction,p1_change,condition,seed
1.0,7.4977378972107545e-06,6500,7000,0.699038418995674,0.9685127608962408,0.1207640265301669,baseline,2
1.0,4.454235386219807e-05,9000,10000,0.6655028975976487,0.8072795970236845,0.14897164917991054,baseline,0
1.0,6.991535428824136e-06,9000,9500,0.6923287883693974,0.9208882168828758,0.13797726797468812,baseline,1
1.0,0.00010974795441143215,5000,5500,0.7503024730303782,0.9821225751995203,0.1012890823320359,full_steerage_v3,2
1.0,0.0002451243344694376,7000,8000,0.7110002444616801,0.9905642514918498,0.08891389194449148,full_steerage_v3,0
1.0,0.00031084363581612706,5500,7000,0.679554360220891,0.9975746026320609,0.09453402648502288,full_steerage_v3,1
1.0,3.887976345140487e-05,5000,5500,0.6836161163350872,0.9986187190870949,0.10150406160094769,full_steerage_v4,2
1.0,0.0003666428674478084,7500,8500,0.7041986048778436,0.9951162706107214,0.08982722330343543,full_steerage_v4,0
1.0,8.924825669964775e-05,6000,6500,0.6802527583769066,0.9994053717533595,0.09518398840751396,full_steerage_v4,1
