{
  "final_test_acc": 1.0,
  "final_test_loss": 1.214406165672699e-05,
  "steps_to_0.5": 7500,
  "steps_to_0.9": 8500,
  "weight_norm_reduction": 0.7443480418506655,
  "benford_chi2_reduction": 0.8413724179055572,
  "p1_change": 0.15562357209341682,
  "condition": "full_steerage_v3",
  "seed": 33
}