{
  "final_test_acc": 1.0,
  "final_test_loss": 3.648274650913663e-05,
  "steps_to_0.5": 9500,
  "steps_to_0.9": 9500,
  "weight_norm_reduction": 0.681926178535508,
  "benford_chi2_reduction": 0.898650567287141,
  "p1_change": 0.14307498317998327,
  "condition": "baseline",
  "seed": 13
}