{
  "final_test_acc": 1.0,
  "final_test_loss": 1.1358929441485088e-05,
  "steps_to_0.5": 7500,
  "steps_to_0.9": 8000,
  "weight_norm_reduction": 0.7468355977180874,
  "benford_chi2_reduction": 0.78927207775786,
  "p1_change": 0.16356458368590285,
  "condition": "full_steerage_v3",
  "seed": 84
}