{
  "final_test_acc": 1.0,
  "final_test_loss": 7.959984941408038e-06,
  "steps_to_0.5": 8500,
  "steps_to_0.9": 9500,
  "weight_norm_reduction": 0.6931764845879963,
  "benford_chi2_reduction": 0.9260080451164996,
  "p1_change": 0.13661973351638357,
  "condition": "baseline",
  "seed": 84
}