{
  "final_test_acc": 1.0,
  "final_test_loss": 0.00013057082833256572,
  "steps_to_0.5": 7500,
  "steps_to_0.9": 8500,
  "weight_norm_reduction": 0.7663500892607961,
  "benford_chi2_reduction": 0.9894280073935426,
  "p1_change": 0.14686185461565057,
  "condition": "full_steerage_v2",
  "seed": 25
}