{
  "final_test_acc": 1.0,
  "final_test_loss": 6.395951913873432e-06,
  "steps_to_0.5": 8000,
  "steps_to_0.9": 9000,
  "weight_norm_reduction": 0.6962824035167341,
  "benford_chi2_reduction": 0.933821981134048,
  "p1_change": 0.13320373586209405,
  "condition": "baseline",
  "seed": 43
}