{
  "final_test_acc": 1.0,
  "final_test_loss": 0.0002619816514197737,
  "steps_to_0.5": 8500,
  "steps_to_0.9": 9000,
  "weight_norm_reduction": 0.7189457253687552,
  "benford_chi2_reduction": 0.9451898959307181,
  "p1_change": 0.15130402293218348,
  "condition": "baseline",
  "seed": 11
}