{
  "final_test_acc": 1.0,
  "final_test_loss": 3.7603011151077226e-05,
  "steps_to_0.5": 6000,
  "steps_to_0.9": 6500,
  "weight_norm_reduction": 0.7859641080575488,
  "benford_chi2_reduction": 0.9798512476308442,
  "p1_change": 0.12113741788636628,
  "condition": "full_steerage_v2",
  "seed": 6
}