{
  "final_test_acc": 1.0,
  "final_test_loss": 4.1176474042003974e-05,
  "steps_to_0.5": 9500,
  "steps_to_0.9": 9500,
  "weight_norm_reduction": 0.6760948550562004,
  "benford_chi2_reduction": 0.8841099083825654,
  "p1_change": 0.14400747126959304,
  "condition": "baseline",
  "seed": 67
}