{
  "final_test_acc": 0.9998067617416382,
  "steps_to_0.5": 7500,
  "steps_to_0.9": 7500,
  "weight_norm_reduction": 0.6603965390708627
}