{
  "final_test_acc": 1.0,
  "final_test_loss": 7.2802331487764604e-06,
  "steps_to_0.5": 8500,
  "steps_to_0.9": 9500,
  "weight_norm_reduction": 0.6978153855013478,
  "benford_chi2_reduction": 0.918405104249159,
  "p1_change": 0.1387978120340401,
  "condition": "baseline",
  "seed": 83
}