{
  "final_test_acc": 1.0,
  "final_test_loss": 0.00014149936032481492,
  "steps_to_0.5": 8500,
  "steps_to_0.9": 8500,
  "weight_norm_reduction": 0.771568352705533,
  "benford_chi2_reduction": 0.9951344639735213,
  "p1_change": 0.14089871211248128,
  "condition": "full_steerage_v1",
  "seed": 93
}