{
  "final_test_acc": 1.0,
  "final_test_loss": 0.00010471735731698573,
  "steps_to_0.5": 9000,
  "steps_to_0.9": 9500,
  "weight_norm_reduction": 0.7226288430021512,
  "benford_chi2_reduction": 0.992685002387313,
  "p1_change": 0.12992249771331504,
  "condition": "baseline",
  "seed": 68
}