{
  "final_test_acc": 1.0,
  "final_test_loss": 7.256575918290764e-05,
  "steps_to_0.5": 7000,
  "steps_to_0.9": 7500,
  "weight_norm_reduction": 0.7274327718401226,
  "benford_chi2_reduction": 0.9796623784621721,
  "p1_change": 0.12740204004965375,
  "condition": "baseline",
  "seed": 74
}