{
  "final_test_acc": 1.0,
  "final_test_loss": 6.688272696919739e-05,
  "steps_to_0.5": 5500,
  "steps_to_0.9": 6500,
  "weight_norm_reduction": 0.7807937144537394,
  "benford_chi2_reduction": 0.9871034085414202,
  "p1_change": 0.121957653855019,
  "condition": "full_steerage",
  "seed": 37
}