{
  "final_test_acc": 1.0,
  "final_test_loss": 1.2391569725878071e-05,
  "steps_to_0.5": 7500,
  "steps_to_0.9": 8000,
  "weight_norm_reduction": 0.7429485206357679,
  "benford_chi2_reduction": 0.8144643576388702,
  "p1_change": 0.1607169677610425,
  "condition": "full_steerage_v3",
  "seed": 68
}