{
  "final_test_acc": 1.0,
  "final_test_loss": 0.0003129570104647428,
  "steps_to_0.5": 7000,
  "steps_to_0.9": 8000,
  "weight_norm_reduction": 0.674091629439282,
  "benford_chi2_reduction": 0.9906059393801636,
  "p1_change": 0.08335246023015741,
  "condition": "full_steerage_v3",
  "seed": 10
}