{
  "final_test_acc": 1.0,
  "final_test_loss": 0.0003568796964827925,
  "steps_to_0.5": 7000,
  "steps_to_0.9": 7500,
  "weight_norm_reduction": 0.7036734984460246,
  "benford_chi2_reduction": 0.9967122156117055,
  "p1_change": 0.1006274856151633,
  "condition": "full_steerage_v3",
  "seed": 23
}