{
  "final_test_acc": 1.0,
  "final_test_loss": 1.2762224287143908e-05,
  "steps_to_0.5": 7500,
  "steps_to_0.9": 7500,
  "weight_norm_reduction": 0.7403403526246704,
  "benford_chi2_reduction": 0.7924007752227874,
  "p1_change": 0.16634635725165003,
  "condition": "full_steerage_v3",
  "seed": 95
}