{
  "final_test_acc": 1.0,
  "final_test_loss": 7.26816233509453e-06,
  "steps_to_0.5": 8500,
  "steps_to_0.9": 9000,
  "weight_norm_reduction": 0.7022787117125692,
  "benford_chi2_reduction": 0.9513096879451679,
  "p1_change": 0.12695617931047026,
  "condition": "baseline",
  "seed": 38
}