{
  "final_test_acc": 1.0,
  "final_test_loss": 3.835190909740049e-06,
  "steps_to_0.5": 5500,
  "steps_to_0.9": 5500,
  "weight_norm_reduction": 0.7685245058335505,
  "benford_chi2_reduction": 0.9923985169824436,
  "p1_change": 0.0956060141309866,
  "condition": "full_steerage_v3",
  "seed": 58
}