{
  "final_test_acc": 1.0,
  "final_test_loss": 1.0422052582725883e-05,
  "steps_to_0.5": 7000,
  "steps_to_0.9": 7500,
  "weight_norm_reduction": 0.6809539129863499,
  "benford_chi2_reduction": 0.9488174288951935,
  "p1_change": 0.13024176501072843,
  "condition": "baseline",
  "seed": 74
}