{
  "final_test_acc": 1.0,
  "final_test_loss": 0.00013804434274788946,
  "steps_to_0.5": 7000,
  "steps_to_0.9": 8500,
  "weight_norm_reduction": 0.764097020144624,
  "benford_chi2_reduction": 0.9963558485569972,
  "p1_change": 0.13916280108332374,
  "condition": "full_steerage",
  "seed": 48
}