{
  "final_test_acc": 1.0,
  "final_test_loss": 1.4044549971004017e-05,
  "steps_to_0.5": 8000,
  "steps_to_0.9": 8000,
  "weight_norm_reduction": 0.7429065041474631,
  "benford_chi2_reduction": 0.7555119723664975,
  "p1_change": 0.1721452445422237,
  "condition": "full_steerage_v3",
  "seed": 18
}