{
  "final_test_acc": 1.0,
  "final_test_loss": 0.0002451243344694376,
  "steps_to_0.5": 7000,
  "steps_to_0.9": 8000,
  "weight_norm_reduction": 0.7110002444616801,
  "benford_chi2_reduction": 0.9905642514918498,
  "p1_change": 0.08891389194449148,
  "condition": "full_steerage_v3",
  "seed": 0
}