{
  "final_test_acc": 1.0,
  "final_test_loss": 4.0222999814432114e-05,
  "steps_to_0.5": 5500,
  "steps_to_0.9": 6000,
  "weight_norm_reduction": 0.7832415270664262,
  "benford_chi2_reduction": 0.9922584854970286,
  "p1_change": 0.1262136971303446,
  "condition": "full_steerage_v2",
  "seed": 78
}