{
  "final_test_acc": 1.0,
  "final_test_loss": 5.3065508836880326e-05,
  "steps_to_0.5": 9500,
  "steps_to_0.9": 9500,
  "weight_norm_reduction": 0.6663247009021854,
  "benford_chi2_reduction": 0.8132876930940964,
  "p1_change": 0.14990470551332874,
  "condition": "baseline",
  "seed": 40
}