{
  "final_test_acc": 1.0,
  "final_test_loss": 5.007459913031198e-05,
  "steps_to_0.5": 6500,
  "steps_to_0.9": 7000,
  "weight_norm_reduction": 0.7783989385188976,
  "benford_chi2_reduction": 0.9894470598778645,
  "p1_change": 0.12564286331681457,
  "condition": "full_steerage_v1",
  "seed": 100
}