{
  "final_test_acc": 1.0,
  "final_test_loss": 5.946405872236937e-05,
  "steps_to_0.5": 6000,
  "steps_to_0.9": 7500,
  "weight_norm_reduction": 0.7775894088391887,
  "benford_chi2_reduction": 0.9960913138594555,
  "p1_change": 0.1317248545004034,
  "condition": "full_steerage",
  "seed": 89
}