{
  "final_test_acc": 1.0,
  "final_test_loss": 0.0002074030926451087,
  "steps_to_0.5": 7000,
  "steps_to_0.9": 8500,
  "weight_norm_reduction": 0.7704697638359411,
  "benford_chi2_reduction": 0.9921601538847145,
  "p1_change": 0.1450070949060735,
  "condition": "full_steerage_v1",
  "seed": 3
}