{
  "final_test_acc": 1.0,
  "final_test_loss": 0.00016393839905504137,
  "steps_to_0.5": 8500,
  "steps_to_0.9": 8500,
  "weight_norm_reduction": 0.7741005452012485,
  "benford_chi2_reduction": 0.9815231129797949,
  "p1_change": 0.14379789961968423,
  "condition": "full_steerage_v2",
  "seed": 101
}