{
  "final_test_acc": 1.0,
  "final_test_loss": 9.189816773869097e-05,
  "steps_to_0.5": 7000,
  "steps_to_0.9": 8500,
  "weight_norm_reduction": 0.7284977141521619,
  "benford_chi2_reduction": 0.9903197771370175,
  "p1_change": 0.13770130994381286,
  "condition": "baseline",
  "seed": 77
}