{
  "final_test_acc": 1.0,
  "final_test_loss": 1.6309179045492783e-05,
  "steps_to_0.5": 8000,
  "steps_to_0.9": 8500,
  "weight_norm_reduction": 0.7399062676664563,
  "benford_chi2_reduction": 0.7730172166946485,
  "p1_change": 0.17149369605686243,
  "condition": "full_steerage_v3",
  "seed": 112
}