{
  "final_test_acc": 1.0,
  "final_test_loss": 0.008910008706152439,
  "steps_to_0.5": 6000,
  "steps_to_0.9": 6500,
  "weight_norm_reduction": 0.7353700043328456,
  "benford_chi2_reduction": 0.9906906705458441,
  "p1_change": 0.14741558142215053,
  "condition": "full_steerage_v2",
  "seed": 70
}