{
  "final_test_acc": 1.0,
  "final_test_loss": 5.149811477167532e-05,
  "steps_to_0.5": 6500,
  "steps_to_0.9": 6500,
  "weight_norm_reduction": 0.7359478051785492,
  "benford_chi2_reduction": 0.9881252831235091,
  "p1_change": 0.12715397556513788,
  "condition": "baseline",
  "seed": 1
}