{
  "final_test_acc": 1.0,
  "final_test_loss": 9.443608723813668e-05,
  "steps_to_0.5": 8500,
  "steps_to_0.9": 9500,
  "weight_norm_reduction": 0.7180353584670334,
  "benford_chi2_reduction": 0.989054330030099,
  "p1_change": 0.1420439696850908,
  "condition": "baseline",
  "seed": 22
}