{
  "final_test_acc": 1.0,
  "final_test_loss": 0.0003930869570467621,
  "steps_to_0.5": 8000,
  "steps_to_0.9": 8500,
  "weight_norm_reduction": 0.6720376240377212,
  "benford_chi2_reduction": 0.994712392195656,
  "p1_change": 0.08728475630394311,
  "condition": "full_steerage_v3",
  "seed": 31
}