{
  "final_test_acc": 1.0,
  "final_test_loss": 9.054648398887366e-05,
  "steps_to_0.5": 7000,
  "steps_to_0.9": 8000,
  "weight_norm_reduction": 0.7384108689541214,
  "benford_chi2_reduction": 0.9663265497988676,
  "p1_change": 0.13109340291389,
  "condition": "baseline",
  "seed": 81
}