{
  "final_test_acc": 1.0,
  "final_test_loss": 0.0006914825062267482,
  "steps_to_0.5": 7500,
  "steps_to_0.9": 9000,
  "weight_norm_reduction": 0.6738786586489428,
  "benford_chi2_reduction": 0.9971753889137184,
  "p1_change": 0.10617992680656627,
  "condition": "full_steerage_v3",
  "seed": 92
}