{
  "final_test_acc": 1.0,
  "final_test_loss": 0.005390205420553684,
  "steps_to_0.5": 8000,
  "steps_to_0.9": 9000,
  "weight_norm_reduction": 0.7332440585810073,
  "benford_chi2_reduction": 0.9556155733936735,
  "p1_change": 0.16057537167223696,
  "condition": "full_steerage",
  "seed": 80
}