{
  "final_test_acc": 1.0,
  "final_test_loss": 8.778986739343964e-06,
  "steps_to_0.5": 8500,
  "steps_to_0.9": 9500,
  "weight_norm_reduction": 0.6969307285194958,
  "benford_chi2_reduction": 0.9450571904550491,
  "p1_change": 0.130680165108921,
  "condition": "baseline",
  "seed": 3
}