{
  "final_test_acc": 1.0,
  "final_test_loss": 0.00010909779666690156,
  "steps_to_0.5": 8000,
  "steps_to_0.9": 9000,
  "weight_norm_reduction": 0.717592226416663,
  "benford_chi2_reduction": 0.9877354465789264,
  "p1_change": 0.14432657127923687,
  "condition": "baseline",
  "seed": 50
}