{
  "final_test_acc": 1.0,
  "final_test_loss": 9.522642358206213e-05,
  "steps_to_0.5": 7500,
  "steps_to_0.9": 8500,
  "weight_norm_reduction": 0.717548684931129,
  "benford_chi2_reduction": 0.9795803753183728,
  "p1_change": 0.1236045096694107,
  "condition": "baseline",
  "seed": 43
}