{
  "final_test_acc": 1.0,
  "final_test_loss": 8.899534805095755e-06,
  "steps_to_0.5": 7500,
  "steps_to_0.9": 9500,
  "weight_norm_reduction": 0.6979315090744568,
  "benford_chi2_reduction": 0.9332765523780973,
  "p1_change": 0.13505621067752846,
  "condition": "baseline",
  "seed": 8
}