{
  "final_test_acc": 1.0,
  "final_test_loss": 5.352204607333988e-05,
  "steps_to_0.5": 9500,
  "steps_to_0.9": 10000,
  "weight_norm_reduction": 0.6641237842382745,
  "benford_chi2_reduction": 0.8442369986052739,
  "p1_change": 0.14634408980979746,
  "condition": "baseline",
  "seed": 59
}