{
  "final_test_acc": 1.0,
  "final_test_loss": 7.046729479043279e-06,
  "steps_to_0.5": 7000,
  "steps_to_0.9": 8000,
  "weight_norm_reduction": 0.7014167025963854,
  "benford_chi2_reduction": 0.9646796272671876,
  "p1_change": 0.1212714682510819,
  "condition": "baseline",
  "seed": 46
}