{
  "final_test_acc": 1.0,
  "final_test_loss": 7.581304089399055e-06,
  "steps_to_0.5": 9000,
  "steps_to_0.9": 10000,
  "weight_norm_reduction": 0.703711335533502,
  "benford_chi2_reduction": 0.931303792865915,
  "p1_change": 0.13408167254609593,
  "condition": "baseline",
  "seed": 86
}