{
  "final_test_acc": 1.0,
  "final_test_loss": 0.0008145621395669878,
  "steps_to_0.5": 9000,
  "steps_to_0.9": 10000,
  "weight_norm_reduction": 0.7109664025697849,
  "benford_chi2_reduction": 0.9677699300669435,
  "p1_change": 0.15146429504769368,
  "condition": "baseline",
  "seed": 25
}