{
  "final_test_acc": 1.0,
  "final_test_loss": 4.799377347808331e-05,
  "steps_to_0.5": 6000,
  "steps_to_0.9": 7500,
  "weight_norm_reduction": 0.7814354111481296,
  "benford_chi2_reduction": 0.9950165465985157,
  "p1_change": 0.13186351129422613,
  "condition": "full_steerage",
  "seed": 61
}