{
  "final_test_acc": 1.0,
  "final_test_loss": 0.0004526570555754006,
  "steps_to_0.5": 7500,
  "steps_to_0.9": 8000,
  "weight_norm_reduction": 0.7022567018744046,
  "benford_chi2_reduction": 0.9900694404675529,
  "p1_change": 0.08609033888982909,
  "condition": "full_steerage_v3",
  "seed": 54
}