{
  "final_test_acc": 1.0,
  "final_test_loss": 3.6546887713484466e-05,
  "steps_to_0.5": 9500,
  "steps_to_0.9": 9500,
  "weight_norm_reduction": 0.6782566968809605,
  "benford_chi2_reduction": 0.8409684877434647,
  "p1_change": 0.1532283635487508,
  "condition": "baseline",
  "seed": 36
}