{
  "final_test_acc": 1.0,
  "final_test_loss": 7.4977378972107545e-06,
  "steps_to_0.5": 6500,
  "steps_to_0.9": 7000,
  "weight_norm_reduction": 0.699038418995674,
  "benford_chi2_reduction": 0.9685127608962408,
  "p1_change": 0.1207640265301669,
  "condition": "baseline",
  "seed": 2
}