{
  "final_test_acc": 1.0,
  "final_test_loss": 7.095287855918286e-06,
  "steps_to_0.5": 6500,
  "steps_to_0.9": 8000,
  "weight_norm_reduction": 0.7035204180418745,
  "benford_chi2_reduction": 0.9479685265004502,
  "p1_change": 0.12876660408408191,
  "condition": "baseline",
  "seed": 122
}