{
  "final_test_acc": 1.0,
  "final_test_loss": 8.516193338437006e-05,
  "steps_to_0.5": 7000,
  "steps_to_0.9": 8000,
  "weight_norm_reduction": 0.7272940102125093,
  "benford_chi2_reduction": 0.9815851024403011,
  "p1_change": 0.12294912942636874,
  "condition": "baseline",
  "seed": 71
}