{
  "final_test_acc": 1.0,
  "final_test_loss": 3.973812272306532e-05,
  "steps_to_0.5": 5500,
  "steps_to_0.9": 6500,
  "weight_norm_reduction": 0.7717672519073615,
  "benford_chi2_reduction": 0.9938082344786016,
  "p1_change": 0.12906156361645732,
  "condition": "full_steerage",
  "seed": 38
}