{
  "final_test_acc": 1.0,
  "final_test_loss": 8.512924978276715e-06,
  "steps_to_0.5": 8000,
  "steps_to_0.9": 9000,
  "weight_norm_reduction": 0.6956971978929564,
  "benford_chi2_reduction": 0.9408069254261338,
  "p1_change": 0.13168538840600794,
  "condition": "baseline",
  "seed": 44
}