{
  "final_test_acc": 1.0,
  "final_test_loss": 1.0365989510319196e-05,
  "steps_to_0.5": 8500,
  "steps_to_0.9": 9500,
  "weight_norm_reduction": 0.686455345277291,
  "benford_chi2_reduction": 0.9297229436375539,
  "p1_change": 0.13524628823144344,
  "condition": "baseline",
  "seed": 89
}