{
  "final_test_acc": 1.0,
  "final_test_loss": 5.250372851151042e-05,
  "steps_to_0.5": 9500,
  "steps_to_0.9": 10000,
  "weight_norm_reduction": 0.6690577946306532,
  "benford_chi2_reduction": 0.8966624225060033,
  "p1_change": 0.141566011746736,
  "condition": "baseline",
  "seed": 48
}