{
  "final_test_acc": 0.9971014261245728,
  "steps_to_0.5": 8000,
  "steps_to_0.9": 8000,
  "weight_norm_reduction": 0.6726019864954517
}