{
  "final_test_acc": 0.43922704458236694,
  "steps_to_0.5": 5500,
  "steps_to_0.9": 6000,
  "weight_norm_reduction": 0.7604356780867325
}