{
  "final_test_acc": 1.0,
  "final_test_loss": 1.1764647751988377e-05,
  "steps_to_0.5": 7500,
  "steps_to_0.9": 8000,
  "weight_norm_reduction": 0.7476632396216281,
  "benford_chi2_reduction": 0.9056892756545222,
  "p1_change": 0.1315022634963615,
  "condition": "full_steerage_v3",
  "seed": 26
}