{
  "final_test_acc": 1.0,
  "final_test_loss": 9.148701064987108e-05,
  "steps_to_0.5": 8500,
  "steps_to_0.9": 9500,
  "weight_norm_reduction": 0.7328201358546533,
  "benford_chi2_reduction": 0.976189744695995,
  "p1_change": 0.15307824545929702,
  "condition": "baseline",
  "seed": 90
}