{
  "final_test_acc": 1.0,
  "final_test_loss": 4.053609154652804e-05,
  "steps_to_0.5": 9500,
  "steps_to_0.9": 9500,
  "weight_norm_reduction": 0.6768954851394556,
  "benford_chi2_reduction": 0.8028901494779848,
  "p1_change": 0.15308175664617957,
  "condition": "baseline",
  "seed": 33
}