{
  "final_test_acc": 1.0,
  "final_test_loss": 2.086703898385167e-05,
  "steps_to_0.5": 7500,
  "steps_to_0.9": 8000,
  "weight_norm_reduction": 0.7350814636017593,
  "benford_chi2_reduction": 0.8670712184807001,
  "p1_change": 0.15373609113217124,
  "condition": "full_steerage_v3",
  "seed": 85
}