{
  "final_test_acc": 1.0,
  "final_test_loss": 1.1443700714153238e-05,
  "steps_to_0.5": 8000,
  "steps_to_0.9": 8000,
  "weight_norm_reduction": 0.750161092290837,
  "benford_chi2_reduction": 0.7915766588020833,
  "p1_change": 0.16503770731088171,
  "condition": "full_steerage_v3",
  "seed": 20
}