{
  "final_test_acc": 1.0,
  "final_test_loss": 3.4895899716502754e-06,
  "steps_to_0.5": 6500,
  "steps_to_0.9": 7500,
  "weight_norm_reduction": 0.7737645450947179,
  "benford_chi2_reduction": 0.9984168398346557,
  "p1_change": 0.09525697029954308,
  "condition": "full_steerage_v3",
  "seed": 103
}