{
  "final_test_acc": 1.0,
  "final_test_loss": 6.64385834170389e-06,
  "steps_to_0.5": 8000,
  "steps_to_0.9": 9000,
  "weight_norm_reduction": 0.7007261995641916,
  "benford_chi2_reduction": 0.9317357270147771,
  "p1_change": 0.13386545577699388,
  "condition": "baseline",
  "seed": 103
}