{
  "final_test_acc": 1.0,
  "final_test_loss": 3.607652979553677e-05,
  "steps_to_0.5": 9000,
  "steps_to_0.9": 9500,
  "weight_norm_reduction": 0.6767052648377261,
  "benford_chi2_reduction": 0.8357700010114397,
  "p1_change": 0.1498481652543914,
  "condition": "baseline",
  "seed": 0
}