{
  "final_test_acc": 1.0,
  "final_test_loss": 9.492192475590855e-06,
  "steps_to_0.5": 8000,
  "steps_to_0.9": 8500,
  "weight_norm_reduction": 0.6818548658263538,
  "benford_chi2_reduction": 0.9612607222292004,
  "p1_change": 0.1255918259264647,
  "condition": "baseline",
  "seed": 79
}