{
  "final_test_acc": 1.0,
  "final_test_loss": 5.160786531632766e-05,
  "steps_to_0.5": 6000,
  "steps_to_0.9": 7500,
  "weight_norm_reduction": 0.7797936384550112,
  "benford_chi2_reduction": 0.9945933721212341,
  "p1_change": 0.13155468479889362,
  "condition": "full_steerage_v2",
  "seed": 36
}