{
  "final_test_acc": 1.0,
  "final_test_loss": 0.00010350643424317241,
  "steps_to_0.5": 7500,
  "steps_to_0.9": 8500,
  "weight_norm_reduction": 0.726461938996702,
  "benford_chi2_reduction": 0.9916540558885173,
  "p1_change": 0.13109646543839015,
  "condition": "baseline",
  "seed": 12
}