{
  "final_test_acc": 1.0,
  "final_test_loss": 9.70463952398859e-05,
  "steps_to_0.5": 7000,
  "steps_to_0.9": 8000,
  "weight_norm_reduction": 0.7696588755035124,
  "benford_chi2_reduction": 0.9904971110917999,
  "p1_change": 0.13166182868502938,
  "condition": "full_steerage_v2",
  "seed": 50
}