{
  "final_test_acc": 1.0,
  "final_test_loss": 6.420167483156547e-05,
  "steps_to_0.5": 7000,
  "steps_to_0.9": 7500,
  "weight_norm_reduction": 0.7325240582664038,
  "benford_chi2_reduction": 0.984809899412035,
  "p1_change": 0.14356910688618843,
  "condition": "baseline",
  "seed": 13
}