{
  "final_test_acc": 1.0,
  "final_test_loss": 5.6228425819426775e-05,
  "steps_to_0.5": 8000,
  "steps_to_0.9": 9000,
  "weight_norm_reduction": 0.7287380326517828,
  "benford_chi2_reduction": 0.9918211146510754,
  "p1_change": 0.12820442146870512,
  "condition": "baseline",
  "seed": 122
}