{
  "final_test_acc": 1.0,
  "final_test_loss": 6.932355609023944e-05,
  "steps_to_0.5": 6500,
  "steps_to_0.9": 7500,
  "weight_norm_reduction": 0.7325657234920705,
  "benford_chi2_reduction": 0.9834425291937163,
  "p1_change": 0.1241965977394486,
  "condition": "baseline",
  "seed": 80
}