{
  "final_test_acc": 1.0,
  "final_test_loss": 7.652989006601274e-05,
  "steps_to_0.5": 7000,
  "steps_to_0.9": 7500,
  "weight_norm_reduction": 0.730552012905261,
  "benford_chi2_reduction": 0.9795930349925505,
  "p1_change": 0.1351890190121521,
  "condition": "baseline",
  "seed": 109
}