{
  "final_test_acc": 1.0,
  "final_test_loss": 1.1090193765994627e-05,
  "steps_to_0.5": 7500,
  "steps_to_0.9": 7500,
  "weight_norm_reduction": 0.743495681821127,
  "benford_chi2_reduction": 0.8387314216921227,
  "p1_change": 0.15194671264173296,
  "condition": "full_steerage_v3",
  "seed": 43
}