{
  "final_test_acc": 0.990338146686554,
  "steps_to_0.5": 7500,
  "steps_to_0.9": 9000,
  "weight_norm_reduction": 0.6398271736120513
}