{
  "final_test_acc": 1.0,
  "final_test_loss": 6.94806658430025e-06,
  "steps_to_0.5": 8500,
  "steps_to_0.9": 9500,
  "weight_norm_reduction": 0.7064571606257607,
  "benford_chi2_reduction": 0.9368106071601694,
  "p1_change": 0.13201979988726043,
  "condition": "baseline",
  "seed": 64
}