{
  "final_test_acc": 1.0,
  "final_test_loss": 1.1719843314494938e-05,
  "steps_to_0.5": 7500,
  "steps_to_0.9": 7500,
  "weight_norm_reduction": 0.7467005018442054,
  "benford_chi2_reduction": 0.7837423417043938,
  "p1_change": 0.16194443856828564,
  "condition": "full_steerage_v3",
  "seed": 40
}