{
  "final_test_acc": 1.0,
  "final_test_loss": 0.0002152791275875643,
  "steps_to_0.5": 8500,
  "steps_to_0.9": 8500,
  "weight_norm_reduction": 0.7690607022671576,
  "benford_chi2_reduction": 0.9843530562938266,
  "p1_change": 0.15230098248242482,
  "condition": "full_steerage",
  "seed": 72
}