{
  "final_test_acc": 1.0,
  "final_test_loss": 8.155485556926578e-05,
  "steps_to_0.5": 7000,
  "steps_to_0.9": 7500,
  "weight_norm_reduction": 0.7247604070829435,
  "benford_chi2_reduction": 0.9836258300776103,
  "p1_change": 0.12992453939631515,
  "condition": "baseline",
  "seed": 46
}