{
  "final_test_acc": 1.0,
  "final_test_loss": 6.065749767003581e-05,
  "steps_to_0.5": 7500,
  "steps_to_0.9": 8500,
  "weight_norm_reduction": 0.7230869597825131,
  "benford_chi2_reduction": 0.9950262560559162,
  "p1_change": 0.13008991571932574,
  "condition": "baseline",
  "seed": 117
}