{
  "final_test_acc": 1.0,
  "final_test_loss": 1.124497975979466e-05,
  "steps_to_0.5": 7000,
  "steps_to_0.9": 8500,
  "weight_norm_reduction": 0.686225115572873,
  "benford_chi2_reduction": 0.9483203127764683,
  "p1_change": 0.12947349938175076,
  "condition": "baseline",
  "seed": 21
}