{
  "final_test_acc": 1.0,
  "final_test_loss": 8.672286639921367e-05,
  "steps_to_0.5": 8000,
  "steps_to_0.9": 8500,
  "weight_norm_reduction": 0.7216212449162932,
  "benford_chi2_reduction": 0.993203071690374,
  "p1_change": 0.1301807706128316,
  "condition": "baseline",
  "seed": 44
}