{
  "final_test_acc": 1.0,
  "final_test_loss": 0.00019106680701952428,
  "steps_to_0.5": 6500,
  "steps_to_0.9": 8000,
  "weight_norm_reduction": 0.7635007210248188,
  "benford_chi2_reduction": 0.9917304784065715,
  "p1_change": 0.14629732338365795,
  "condition": "full_steerage_v1",
  "seed": 22
}