{
  "final_test_acc": 1.0,
  "final_test_loss": 1.4508441381622106e-05,
  "steps_to_0.5": 8000,
  "steps_to_0.9": 8000,
  "weight_norm_reduction": 0.7394692842965818,
  "benford_chi2_reduction": 0.7934358737447623,
  "p1_change": 0.16760079962768656,
  "condition": "full_steerage_v3",
  "seed": 49
}