{
  "final_test_acc": 1.0,
  "final_test_loss": 7.909870328148827e-05,
  "steps_to_0.5": 8500,
  "steps_to_0.9": 9500,
  "weight_norm_reduction": 0.7278577536455988,
  "benford_chi2_reduction": 0.9918580476855797,
  "p1_change": 0.1297581422318045,
  "condition": "baseline",
  "seed": 49
}