{
  "final_test_acc": 1.0,
  "final_test_loss": 1.2983191481907852e-05,
  "steps_to_0.5": 8000,
  "steps_to_0.9": 8000,
  "weight_norm_reduction": 0.7481948248881829,
  "benford_chi2_reduction": 0.8276536449075469,
  "p1_change": 0.15422792562193263,
  "condition": "full_steerage_v3",
  "seed": 30
}