{
  "final_test_acc": 1.0,
  "final_test_loss": 7.22167023923248e-05,
  "steps_to_0.5": 7500,
  "steps_to_0.9": 8500,
  "weight_norm_reduction": 0.7388874179972316,
  "benford_chi2_reduction": 0.9875877050076931,
  "p1_change": 0.13375882007056056,
  "condition": "baseline",
  "seed": 61
}