{
  "final_test_acc": 1.0,
  "final_test_loss": 3.3845255984488176e-06,
  "steps_to_0.5": 7000,
  "steps_to_0.9": 8000,
  "weight_norm_reduction": 0.778184518250227,
  "benford_chi2_reduction": 0.9975381045001559,
  "p1_change": 0.09297628617363343,
  "condition": "full_steerage_v3",
  "seed": 70
}