{
  "final_test_acc": 1.0,
  "final_test_loss": 1.2670428986893967e-05,
  "steps_to_0.5": 7500,
  "steps_to_0.9": 7500,
  "weight_norm_reduction": 0.7411558729899014,
  "benford_chi2_reduction": 0.8220493867664347,
  "p1_change": 0.15653399475376545,
  "condition": "full_steerage_v3",
  "seed": 24
}