{
  "final_test_acc": 1.0,
  "final_test_loss": 1.2548575796245132e-05,
  "steps_to_0.5": 9000,
  "steps_to_0.9": 10000,
  "weight_norm_reduction": 0.6756002375404246,
  "benford_chi2_reduction": 0.9090239640040719,
  "p1_change": 0.14080428092155506,
  "condition": "baseline",
  "seed": 97
}