{
  "final_test_acc": 1.0,
  "final_test_loss": 1.1796843864431139e-05,
  "steps_to_0.5": 7500,
  "steps_to_0.9": 8000,
  "weight_norm_reduction": 0.7443552325552556,
  "benford_chi2_reduction": 0.7789393871296695,
  "p1_change": 0.16641378617363345,
  "condition": "full_steerage_v3",
  "seed": 91
}