{
  "final_test_acc": 1.0,
  "final_test_loss": 4.607045048032887e-05,
  "steps_to_0.5": 5500,
  "steps_to_0.9": 6000,
  "weight_norm_reduction": 0.7853647717067956,
  "benford_chi2_reduction": 0.9945467052575832,
  "p1_change": 0.12849973349083782,
  "condition": "full_steerage",
  "seed": 2
}