{
  "final_test_acc": 1.0,
  "final_test_loss": 0.0001058091438608244,
  "steps_to_0.5": 8500,
  "steps_to_0.9": 9500,
  "weight_norm_reduction": 0.7187149646311126,
  "benford_chi2_reduction": 0.992007374262246,
  "p1_change": 0.14322610414216647,
  "condition": "baseline",
  "seed": 105
}