{
  "final_test_acc": 1.0,
  "final_test_loss": 7.683519470447209e-06,
  "steps_to_0.5": 6500,
  "steps_to_0.9": 7000,
  "weight_norm_reduction": 0.7041055802362962,
  "benford_chi2_reduction": 0.9674348973286888,
  "p1_change": 0.12066685683892786,
  "condition": "baseline",
  "seed": 94
}