{
  "final_test_acc": 1.0,
  "final_test_loss": 0.00014004034164827317,
  "steps_to_0.5": 8000,
  "steps_to_0.9": 8000,
  "weight_norm_reduction": 0.7700738253463637,
  "benford_chi2_reduction": 0.9862878438239158,
  "p1_change": 0.13916820329607005,
  "condition": "full_steerage_v2",
  "seed": 106
}