{
  "final_test_acc": 1.0,
  "final_test_loss": 7.923148950794712e-05,
  "steps_to_0.5": 7000,
  "steps_to_0.9": 8000,
  "weight_norm_reduction": 0.7339070256075179,
  "benford_chi2_reduction": 0.9855454658188647,
  "p1_change": 0.1303706471318437,
  "condition": "baseline",
  "seed": 45
}