{
  "final_test_acc": 1.0,
  "final_test_loss": 0.00010067797120427713,
  "steps_to_0.5": 7000,
  "steps_to_0.9": 7500,
  "weight_norm_reduction": 0.7223492990885816,
  "benford_chi2_reduction": 0.981055476329147,
  "p1_change": 0.14424694564223178,
  "condition": "baseline",
  "seed": 70
}