{
  "final_test_acc": 1.0,
  "final_test_loss": 0.00014227382780518383,
  "steps_to_0.5": 9000,
  "steps_to_0.9": 10000,
  "weight_norm_reduction": 0.7125973385466496,
  "benford_chi2_reduction": 0.9983087584740874,
  "p1_change": 0.13613125571671242,
  "condition": "baseline",
  "seed": 84
}