{
  "final_test_acc": 1.0,
  "final_test_loss": 1.896495814435184e-05,
  "steps_to_0.5": 8500,
  "steps_to_0.9": 8500,
  "weight_norm_reduction": 0.7338023336709317,
  "benford_chi2_reduction": 0.8619415901107902,
  "p1_change": 0.15253612074801154,
  "condition": "full_steerage_v3",
  "seed": 4
}