{
  "final_test_acc": 0.9938164353370667,
  "steps_to_0.5": 8500,
  "steps_to_0.9": 9000,
  "weight_norm_reduction": 0.7002556091444146
}