{
  "final_test_acc": 1.0,
  "final_test_loss": 7.557815479231067e-06,
  "steps_to_0.5": 8500,
  "steps_to_0.9": 9500,
  "weight_norm_reduction": 0.7031642298687909,
  "benford_chi2_reduction": 0.9432646976587556,
  "p1_change": 0.1307108502745754,
  "condition": "baseline",
  "seed": 20
}