{
  "final_test_acc": 1.0,
  "final_test_loss": 5.3664054576074705e-05,
  "steps_to_0.5": 9000,
  "steps_to_0.9": 10000,
  "weight_norm_reduction": 0.6742359362742142,
  "benford_chi2_reduction": 0.8282503148660867,
  "p1_change": 0.1527763255991563,
  "condition": "baseline",
  "seed": 111
}