{
  "final_test_acc": 1.0,
  "final_test_loss": 4.618283583113225e-06,
  "steps_to_0.5": 6000,
  "steps_to_0.9": 7500,
  "weight_norm_reduction": 0.770593113844833,
  "benford_chi2_reduction": 0.9889861230565258,
  "p1_change": 0.09524269123371129,
  "condition": "full_steerage_v3",
  "seed": 93
}