{
  "final_test_acc": 1.0,
  "final_test_loss": 4.998543954570778e-05,
  "steps_to_0.5": 6500,
  "steps_to_0.9": 7500,
  "weight_norm_reduction": 0.7835171730266459,
  "benford_chi2_reduction": 0.9855167621123286,
  "p1_change": 0.12339914428950097,
  "condition": "full_steerage_v1",
  "seed": 45
}