{
  "final_test_acc": 1.0,
  "final_test_loss": 6.709031731588766e-05,
  "steps_to_0.5": 5500,
  "steps_to_0.9": 7000,
  "weight_norm_reduction": 0.7724742554657686,
  "benford_chi2_reduction": 0.9958601113471304,
  "p1_change": 0.12951715022473204,
  "condition": "full_steerage_v1",
  "seed": 122
}