{
  "final_test_acc": 1.0,
  "final_test_loss": 8.246171637438238e-05,
  "steps_to_0.5": 8500,
  "steps_to_0.9": 9000,
  "weight_norm_reduction": 0.7283214251590922,
  "benford_chi2_reduction": 0.9906461413121731,
  "p1_change": 0.129516202796289,
  "condition": "baseline",
  "seed": 123
}