{
  "final_test_acc": 1.0,
  "final_test_loss": 6.744595793861663e-06,
  "steps_to_0.5": 7000,
  "steps_to_0.9": 8500,
  "weight_norm_reduction": 0.703412462964018,
  "benford_chi2_reduction": 0.954969108013536,
  "p1_change": 0.12432691520893188,
  "condition": "baseline",
  "seed": 53
}