{
  "final_test_acc": 1.0,
  "final_test_loss": 7.1773119998397306e-06,
  "steps_to_0.5": 8500,
  "steps_to_0.9": 9500,
  "weight_norm_reduction": 0.6999881389275209,
  "benford_chi2_reduction": 0.9338310615293535,
  "p1_change": 0.1344010255664254,
  "condition": "baseline",
  "seed": 123
}