{
  "final_test_acc": 1.0,
  "final_test_loss": 9.902662714011967e-05,
  "steps_to_0.5": 8500,
  "steps_to_0.9": 9000,
  "weight_norm_reduction": 0.7379058299406307,
  "benford_chi2_reduction": 0.9760405370927243,
  "p1_change": 0.1484078955964981,
  "condition": "baseline",
  "seed": 23
}