{
  "final_test_acc": 1.0,
  "final_test_loss": 3.560715413186699e-05,
  "steps_to_0.5": 9500,
  "steps_to_0.9": 9500,
  "weight_norm_reduction": 0.672471252471906,
  "benford_chi2_reduction": 0.8456610168396131,
  "p1_change": 0.14801813606938938,
  "condition": "baseline",
  "seed": 101
}