{
  "final_test_acc": 1.0,
  "final_test_loss": 0.00016407536168117076,
  "steps_to_0.5": 7000,
  "steps_to_0.9": 7500,
  "weight_norm_reduction": 0.7171433912743919,
  "benford_chi2_reduction": 0.9937943691377517,
  "p1_change": 0.10286295269927226,
  "condition": "full_steerage_v3",
  "seed": 46
}