{
  "final_test_acc": 1.0,
  "final_test_loss": 0.00016095279715955257,
  "steps_to_0.5": 7500,
  "steps_to_0.9": 8000,
  "weight_norm_reduction": 0.7678251604189715,
  "benford_chi2_reduction": 0.9981880848968593,
  "p1_change": 0.13544247723867697,
  "condition": "full_steerage",
  "seed": 23
}