{
  "final_test_acc": 1.0,
  "final_test_loss": 1.195565619127592e-05,
  "steps_to_0.5": 8000,
  "steps_to_0.9": 8000,
  "weight_norm_reduction": 0.7463740600696046,
  "benford_chi2_reduction": 0.7760278853899728,
  "p1_change": 0.16504352470807246,
  "condition": "full_steerage_v3",
  "seed": 115
}