{
  "final_test_acc": 1.0,
  "final_test_loss": 4.021374479634687e-05,
  "steps_to_0.5": 5500,
  "steps_to_0.9": 6000,
  "weight_norm_reduction": 0.774964183151325,
  "benford_chi2_reduction": 0.9820428791555679,
  "p1_change": 0.11927455485766969,
  "condition": "full_steerage_v1",
  "seed": 117
}