{
  "final_test_acc": 1.0,
  "final_test_loss": 9.426858014194295e-05,
  "steps_to_0.5": 6500,
  "steps_to_0.9": 7500,
  "weight_norm_reduction": 0.7251579632591472,
  "benford_chi2_reduction": 0.9879774517268255,
  "p1_change": 0.1097898861905568,
  "condition": "full_steerage_v3",
  "seed": 37
}