{
  "final_test_acc": 1.0,
  "final_test_loss": 0.00015537011495325714,
  "steps_to_0.5": 8000,
  "steps_to_0.9": 8500,
  "weight_norm_reduction": 0.768966466814785,
  "benford_chi2_reduction": 0.9923671727238768,
  "p1_change": 0.1439824752218509,
  "condition": "full_steerage",
  "seed": 114
}