{
  "final_test_acc": 1.0,
  "final_test_loss": 8.257667650468647e-05,
  "steps_to_0.5": 8000,
  "steps_to_0.9": 8500,
  "weight_norm_reduction": 0.7205381255905405,
  "benford_chi2_reduction": 0.9838867227175958,
  "p1_change": 0.14880091957402328,
  "condition": "baseline",
  "seed": 116
}