{
  "final_test_acc": 1.0,
  "final_test_loss": 0.0005789214046671987,
  "steps_to_0.5": 8500,
  "steps_to_0.9": 9500,
  "weight_norm_reduction": 0.7154420300077564,
  "benford_chi2_reduction": 0.9465433935581103,
  "p1_change": 0.14373958741669932,
  "condition": "baseline",
  "seed": 72
}