{
  "final_test_acc": 1.0,
  "final_test_loss": 0.00012144297215854749,
  "steps_to_0.5": 8500,
  "steps_to_0.9": 9500,
  "weight_norm_reduction": 0.7181096698616612,
  "benford_chi2_reduction": 0.9893715714392909,
  "p1_change": 0.1454249967333072,
  "condition": "baseline",
  "seed": 48
}