{
  "final_test_acc": 1.0,
  "final_test_loss": 6.836737156845629e-06,
  "steps_to_0.5": 9000,
  "steps_to_0.9": 9500,
  "weight_norm_reduction": 0.6968419972872708,
  "benford_chi2_reduction": 0.9305238442059204,
  "p1_change": 0.13431550487325888,
  "condition": "baseline",
  "seed": 15
}