{
  "final_test_acc": 1.0,
  "final_test_loss": 8.529920887667686e-05,
  "steps_to_0.5": 6500,
  "steps_to_0.9": 7500,
  "weight_norm_reduction": 0.7302343322304495,
  "benford_chi2_reduction": 0.9764030028576981,
  "p1_change": 0.1236188014504116,
  "condition": "baseline",
  "seed": 67
}