{
  "final_test_acc": 1.0,
  "final_test_loss": 7.526923582190648e-05,
  "steps_to_0.5": 6500,
  "steps_to_0.9": 7500,
  "weight_norm_reduction": 0.7315956318528335,
  "benford_chi2_reduction": 0.9863444757106214,
  "p1_change": 0.12517558473801121,
  "condition": "baseline",
  "seed": 104
}