{
  "final_test_acc": 1.0,
  "final_test_loss": 1.1519528925418854e-05,
  "steps_to_0.5": 8000,
  "steps_to_0.9": 8000,
  "weight_norm_reduction": 0.7497290802479163,
  "benford_chi2_reduction": 0.8722768049064338,
  "p1_change": 0.14078788712134035,
  "condition": "full_steerage_v3",
  "seed": 106
}