{
  "final_test_acc": 1.0,
  "final_test_loss": 0.00014757704047951847,
  "steps_to_0.5": 7000,
  "steps_to_0.9": 8000,
  "weight_norm_reduction": 0.7670886013054159,
  "benford_chi2_reduction": 0.9939040642108131,
  "p1_change": 0.13836507433444736,
  "condition": "full_steerage_v2",
  "seed": 65
}