{
  "final_test_acc": 1.0,
  "final_test_loss": 4.9097376177087426e-05,
  "steps_to_0.5": 6000,
  "steps_to_0.9": 7000,
  "weight_norm_reduction": 0.7784910239033697,
  "benford_chi2_reduction": 0.9978761176810105,
  "p1_change": 0.13284761438285125,
  "condition": "full_steerage_v2",
  "seed": 96
}