{
  "final_test_acc": 1.0,
  "final_test_loss": 0.00019081526261288673,
  "steps_to_0.5": 8000,
  "steps_to_0.9": 8500,
  "weight_norm_reduction": 0.7625200376775154,
  "benford_chi2_reduction": 0.9789698937818134,
  "p1_change": 0.13574230004609888,
  "condition": "full_steerage_v2",
  "seed": 113
}