{
  "final_test_acc": 1.0,
  "final_test_loss": 0.0001742343883961439,
  "steps_to_0.5": 8500,
  "steps_to_0.9": 8500,
  "weight_norm_reduction": 0.7232714615974128,
  "benford_chi2_reduction": 0.9766874137857687,
  "p1_change": 0.14776884881745722,
  "condition": "baseline",
  "seed": 64
}