{
  "final_test_acc": 1.0,
  "final_test_loss": 0.0005633177934214473,
  "steps_to_0.5": 8000,
  "steps_to_0.9": 8000,
  "weight_norm_reduction": 0.687969062536261,
  "benford_chi2_reduction": 0.9980760559330281,
  "p1_change": 0.09202038204433916,
  "condition": "full_steerage_v3",
  "seed": 16
}