{
  "final_test_acc": 1.0,
  "final_test_loss": 0.00010077523620566353,
  "steps_to_0.5": 7500,
  "steps_to_0.9": 8500,
  "weight_norm_reduction": 0.7263048299169547,
  "benford_chi2_reduction": 0.993708492988232,
  "p1_change": 0.12598102868156277,
  "condition": "baseline",
  "seed": 63
}