{
  "final_test_acc": 1.0,
  "final_test_loss": 1.3110375221003778e-05,
  "steps_to_0.5": 7500,
  "steps_to_0.9": 8000,
  "weight_norm_reduction": 0.7375483811454445,
  "benford_chi2_reduction": 0.7842824650523041,
  "p1_change": 0.16870398967676428,
  "condition": "full_steerage_v3",
  "seed": 77
}