{
  "final_test_acc": 1.0,
  "final_test_loss": 4.420318509801291e-05,
  "steps_to_0.5": 7000,
  "steps_to_0.9": 8000,
  "weight_norm_reduction": 0.7284541699264452,
  "benford_chi2_reduction": 0.9913668744187317,
  "p1_change": 0.1254440660525284,
  "condition": "baseline",
  "seed": 76
}