{
  "final_test_acc": 1.0,
  "final_test_loss": 0.00014801677025388926,
  "steps_to_0.5": 8000,
  "steps_to_0.9": 8000,
  "weight_norm_reduction": 0.7773124141247222,
  "benford_chi2_reduction": 0.9870232516821534,
  "p1_change": 0.13819040278898237,
  "condition": "full_steerage_v2",
  "seed": 85
}