{
  "final_test_acc": 1.0,
  "final_test_loss": 7.83367722760886e-05,
  "steps_to_0.5": 8500,
  "steps_to_0.9": 9500,
  "weight_norm_reduction": 0.7189052585089704,
  "benford_chi2_reduction": 0.9984638121114348,
  "p1_change": 0.13691832451326277,
  "condition": "baseline",
  "seed": 33
}