{
  "final_test_acc": 1.0,
  "final_test_loss": 7.958290370879695e-05,
  "steps_to_0.5": 7000,
  "steps_to_0.9": 8000,
  "weight_norm_reduction": 0.7565130762682127,
  "benford_chi2_reduction": 0.9520900556957904,
  "p1_change": 0.125096251480792,
  "condition": "full_steerage_v3",
  "seed": 51
}