{
  "final_test_acc": 1.0,
  "final_test_loss": 0.00020626683544833213,
  "steps_to_0.5": 7500,
  "steps_to_0.9": 8500,
  "weight_norm_reduction": 0.7223891032882973,
  "benford_chi2_reduction": 0.9851486667872733,
  "p1_change": 0.14528003724029792,
  "condition": "baseline",
  "seed": 86
}