{
  "final_test_acc": 1.0,
  "final_test_loss": 1.029711256705923e-05,
  "steps_to_0.5": 7500,
  "steps_to_0.9": 8000,
  "weight_norm_reduction": 0.7490857725109403,
  "benford_chi2_reduction": 0.8132699029606492,
  "p1_change": 0.15909100524623457,
  "condition": "full_steerage_v3",
  "seed": 59
}