{
  "final_test_acc": 1.0,
  "final_test_loss": 4.484465534915216e-05,
  "steps_to_0.5": 6500,
  "steps_to_0.9": 7000,
  "weight_norm_reduction": 0.7430085718671859,
  "benford_chi2_reduction": 0.9863264828951108,
  "p1_change": 0.14306072781915588,
  "condition": "baseline",
  "seed": 119
}