{
  "final_test_acc": 1.0,
  "final_test_loss": 6.444099199143238e-06,
  "steps_to_0.5": 6500,
  "steps_to_0.9": 6500,
  "weight_norm_reduction": 0.708693786409588,
  "benford_chi2_reduction": 0.9649675690344127,
  "p1_change": 0.12111605356948033,
  "condition": "baseline",
  "seed": 2
}