{
  "final_test_acc": 1.0,
  "final_test_loss": 5.4503470892086625e-05,
  "steps_to_0.5": 6500,
  "steps_to_0.9": 6500,
  "weight_norm_reduction": 0.7303200221895625,
  "benford_chi2_reduction": 0.9885420648458982,
  "p1_change": 0.12999191493531947,
  "condition": "baseline",
  "seed": 97
}