{
  "final_test_acc": 1.0,
  "final_test_loss": 7.165767601691186e-05,
  "steps_to_0.5": 5500,
  "steps_to_0.9": 7000,
  "weight_norm_reduction": 0.7776891494290548,
  "benford_chi2_reduction": 0.9995197952930572,
  "p1_change": 0.13548299383427453,
  "condition": "full_steerage_v2",
  "seed": 71
}