{
  "final_test_acc": 1.0,
  "final_test_loss": 3.4426822821842507e-05,
  "steps_to_0.5": 5500,
  "steps_to_0.9": 6500,
  "weight_norm_reduction": 0.7876262242301091,
  "benford_chi2_reduction": 0.9889070080967712,
  "p1_change": 0.1248118229226691,
  "condition": "full_steerage_v2",
  "seed": 21
}