{
  "final_test_acc": 1.0,
  "final_test_loss": 7.057966740831034e-06,
  "steps_to_0.5": 9000,
  "steps_to_0.9": 9500,
  "weight_norm_reduction": 0.6941639885193621,
  "benford_chi2_reduction": 0.9210766902203744,
  "p1_change": 0.13766302914863437,
  "condition": "baseline",
  "seed": 1
}