{
  "final_test_acc": 1.0,
  "final_test_loss": 0.0001438331528333947,
  "steps_to_0.5": 8000,
  "steps_to_0.9": 9000,
  "weight_norm_reduction": 0.7181171291137687,
  "benford_chi2_reduction": 0.991280936347106,
  "p1_change": 0.13424984483209199,
  "condition": "baseline",
  "seed": 89
}