{
  "final_test_acc": 1.0,
  "final_test_loss": 8.924825669964775e-05,
  "steps_to_0.5": 6000,
  "steps_to_0.9": 6500,
  "weight_norm_reduction": 0.6802527583769066,
  "benford_chi2_reduction": 0.9994053717533595,
  "p1_change": 0.09518398840751396,
  "condition": "full_steerage_v4",
  "seed": 1
}