{
  "final_test_acc": 1.0,
  "final_test_loss": 0.0003053768305107951,
  "steps_to_0.5": 7500,
  "steps_to_0.9": 8500,
  "weight_norm_reduction": 0.6510071978222008,
  "benford_chi2_reduction": 0.967918312878897,
  "p1_change": 0.07181814816381787,
  "condition": "full_steerage_v3",
  "seed": 74
}