{
  "final_test_acc": 1.0,
  "final_test_loss": 5.077584501123056e-05,
  "steps_to_0.5": 7000,
  "steps_to_0.9": 8000,
  "weight_norm_reduction": 0.7478135970111742,
  "benford_chi2_reduction": 0.9712401882969243,
  "p1_change": 0.1390375914673984,
  "condition": "baseline",
  "seed": 15
}