{
  "final_test_acc": 1.0,
  "final_test_loss": 5.94475532125216e-05,
  "steps_to_0.5": 6500,
  "steps_to_0.9": 6500,
  "weight_norm_reduction": 0.7285662962816993,
  "benford_chi2_reduction": 0.9936020712800963,
  "p1_change": 0.13594546256370052,
  "condition": "baseline",
  "seed": 85
}