{
  "final_test_acc": 1.0,
  "final_test_loss": 1.2884831448900513e-05,
  "steps_to_0.5": 7500,
  "steps_to_0.9": 8000,
  "weight_norm_reduction": 0.7449155206895934,
  "benford_chi2_reduction": 0.7693482151651849,
  "p1_change": 0.16729062658656285,
  "condition": "full_steerage_v3",
  "seed": 69
}