{
  "final_test_acc": 1.0,
  "final_test_loss": 1.4416681551665533e-05,
  "steps_to_0.5": 8500,
  "steps_to_0.9": 8500,
  "weight_norm_reduction": 0.7440963290438031,
  "benford_chi2_reduction": 0.7628808839992252,
  "p1_change": 0.17090323024200374,
  "condition": "full_steerage_v3",
  "seed": 57
}