{
  "final_test_acc": 1.0,
  "final_test_loss": 8.558793342672288e-05,
  "steps_to_0.5": 8000,
  "steps_to_0.9": 9000,
  "weight_norm_reduction": 0.7191775546294824,
  "benford_chi2_reduction": 0.9900603921298038,
  "p1_change": 0.1440376731347184,
  "condition": "baseline",
  "seed": 37
}