{
  "final_test_acc": 1.0,
  "final_test_loss": 6.513638072647154e-05,
  "steps_to_0.5": 7000,
  "steps_to_0.9": 8000,
  "weight_norm_reduction": 0.7294385415855814,
  "benford_chi2_reduction": 0.9860926316920636,
  "p1_change": 0.14635089997386647,
  "condition": "baseline",
  "seed": 118
}