{
  "final_test_acc": 1.0,
  "final_test_loss": 3.1712165764474776e-06,
  "steps_to_0.5": 6500,
  "steps_to_0.9": 7500,
  "weight_norm_reduction": 0.776617189425586,
  "benford_chi2_reduction": 0.9961299497706824,
  "p1_change": 0.09058824462684043,
  "condition": "full_steerage_v3",
  "seed": 119
}