{
  "final_test_acc": 1.0,
  "final_test_loss": 6.870221568533452e-06,
  "steps_to_0.5": 6500,
  "steps_to_0.9": 8000,
  "weight_norm_reduction": 0.7011097982463812,
  "benford_chi2_reduction": 0.9526323888429263,
  "p1_change": 0.12741532030766994,
  "condition": "baseline",
  "seed": 62
}