{
  "final_test_acc": 1.0,
  "final_test_loss": 3.836322503047995e-05,
  "steps_to_0.5": 5500,
  "steps_to_0.9": 6000,
  "weight_norm_reduction": 0.7871387932380394,
  "benford_chi2_reduction": 0.9860491323569167,
  "p1_change": 0.12090782384464677,
  "condition": "full_steerage_v1",
  "seed": 121
}