{
  "final_test_acc": 1.0,
  "final_test_loss": 9.572956514602993e-06,
  "steps_to_0.5": 7500,
  "steps_to_0.9": 9000,
  "weight_norm_reduction": 0.6811204716397958,
  "benford_chi2_reduction": 0.9511707335387278,
  "p1_change": 0.1290495895006728,
  "condition": "baseline",
  "seed": 12
}