{
  "final_test_acc": 1.0,
  "final_test_loss": 5.1022601837757975e-05,
  "steps_to_0.5": 6000,
  "steps_to_0.9": 6500,
  "weight_norm_reduction": 0.7795560374282526,
  "benford_chi2_reduction": 0.9944981925827103,
  "p1_change": 0.1274688112250778,
  "condition": "full_steerage",
  "seed": 77
}