{
  "final_test_acc": 1.0,
  "final_test_loss": 7.621110853506252e-06,
  "steps_to_0.5": 6500,
  "steps_to_0.9": 8000,
  "weight_norm_reduction": 0.7010138025449305,
  "benford_chi2_reduction": 0.9692320607904177,
  "p1_change": 0.12019436211223045,
  "condition": "baseline",
  "seed": 107
}