{
  "final_test_acc": 1.0,
  "final_test_loss": 1.2922302630613558e-05,
  "steps_to_0.5": 7500,
  "steps_to_0.9": 8000,
  "weight_norm_reduction": 0.7442906019720849,
  "benford_chi2_reduction": 0.7851378705218824,
  "p1_change": 0.1681478993907599,
  "condition": "full_steerage_v3",
  "seed": 64
}