{
  "final_test_acc": 1.0,
  "final_test_loss": 8.476939910906367e-06,
  "steps_to_0.5": 7500,
  "steps_to_0.9": 9000,
  "weight_norm_reduction": 0.6909571911671388,
  "benford_chi2_reduction": 0.9447258358773925,
  "p1_change": 0.1305020206749827,
  "condition": "baseline",
  "seed": 50
}