{
  "final_test_acc": 1.0,
  "final_test_loss": 1.1317420103296172e-05,
  "steps_to_0.5": 8000,
  "steps_to_0.9": 8000,
  "weight_norm_reduction": 0.7513149121674183,
  "benford_chi2_reduction": 0.7128050620262356,
  "p1_change": 0.1757316699103063,
  "condition": "full_steerage_v3",
  "seed": 15
}