{
  "final_test_acc": 1.0,
  "final_test_loss": 0.00014493384514935315,
  "steps_to_0.5": 6500,
  "steps_to_0.9": 7500,
  "weight_norm_reduction": 0.7062246918203138,
  "benford_chi2_reduction": 0.9939592623408532,
  "p1_change": 0.13500220501764015,
  "condition": "baseline",
  "seed": 41
}