{
  "final_test_acc": 1.0,
  "final_test_loss": 9.685126860858873e-05,
  "steps_to_0.5": 7500,
  "steps_to_0.9": 8500,
  "weight_norm_reduction": 0.7371206920019502,
  "benford_chi2_reduction": 0.9810141430195565,
  "p1_change": 0.1376859973213119,
  "condition": "baseline",
  "seed": 103
}