{
  "final_test_acc": 1.0,
  "final_test_loss": 4.5341061195358634e-05,
  "steps_to_0.5": 9500,
  "steps_to_0.9": 9500,
  "weight_norm_reduction": 0.6645653210551007,
  "benford_chi2_reduction": 0.8877738864234974,
  "p1_change": 0.14303066016292684,
  "condition": "baseline",
  "seed": 27
}