{
  "final_test_acc": 0.7385507225990295,
  "steps_to_0.5": 7000,
  "steps_to_0.9": 8500,
  "weight_norm_reduction": 0.7437986514728022
}