{
  "final_test_acc": 1.0,
  "final_test_loss": 1.280130436498439e-05,
  "steps_to_0.5": 8000,
  "steps_to_0.9": 8000,
  "weight_norm_reduction": 0.7448973599919112,
  "benford_chi2_reduction": 0.7892666637675135,
  "p1_change": 0.16680936918260283,
  "condition": "full_steerage_v3",
  "seed": 105
}