{
  "final_test_acc": 0.41584542393684387,
  "steps_to_0.5": 7500,
  "steps_to_0.9": 8000,
  "weight_norm_reduction": 0.7659820358121042
}