{
  "final_test_acc": 1.0,
  "final_test_loss": 1.1736957276298199e-05,
  "steps_to_0.5": 8000,
  "steps_to_0.9": 8000,
  "weight_norm_reduction": 0.7512020433896599,
  "benford_chi2_reduction": 0.8573241897740497,
  "p1_change": 0.14271714757150109,
  "condition": "full_steerage_v3",
  "seed": 3
}