{
  "final_test_acc": 0.9673429727554321,
  "steps_to_0.5": 5000,
  "steps_to_0.9": 5500,
  "weight_norm_reduction": 0.6975246538226441
}