{
  "final_test_acc": 1.0,
  "final_test_loss": 0.00017090675828512758,
  "steps_to_0.5": 7000,
  "steps_to_0.9": 8000,
  "weight_norm_reduction": 0.7695714124044062,
  "benford_chi2_reduction": 0.9853794836837786,
  "p1_change": 0.14555722023740925,
  "condition": "full_steerage",
  "seed": 9
}