{
  "final_test_acc": 1.0,
  "final_test_loss": 0.0003666428674478084,
  "steps_to_0.5": 7500,
  "steps_to_0.9": 8500,
  "weight_norm_reduction": 0.7041986048778436,
  "benford_chi2_reduction": 0.9951162706107214,
  "p1_change": 0.08982722330343543,
  "condition": "full_steerage_v4",
  "seed": 0
}