{
  "final_test_acc": 1.0,
  "final_test_loss": 0.0080808624625206,
  "steps_to_0.5": 6000,
  "steps_to_0.9": 7500,
  "weight_norm_reduction": 0.7418703607121464,
  "benford_chi2_reduction": 0.9789849415836444,
  "p1_change": 0.16012068543275323,
  "condition": "full_steerage_v1",
  "seed": 1
}