{
  "final_test_acc": 1.0,
  "final_test_loss": 7.824719068594277e-05,
  "steps_to_0.5": 7000,
  "steps_to_0.9": 7000,
  "weight_norm_reduction": 0.7330908745442151,
  "benford_chi2_reduction": 0.9824365700712364,
  "p1_change": 0.14341189729517836,
  "condition": "baseline",
  "seed": 91
}