{
  "final_test_acc": 1.0,
  "final_test_loss": 4.2337458580732346e-05,
  "steps_to_0.5": 9500,
  "steps_to_0.9": 9500,
  "weight_norm_reduction": 0.6625153906549668,
  "benford_chi2_reduction": 0.8367925011888395,
  "p1_change": 0.14616083118158343,
  "condition": "baseline",
  "seed": 4
}