{
  "final_test_acc": 1.0,
  "final_test_loss": 8.409604561165906e-06,
  "steps_to_0.5": 8500,
  "steps_to_0.9": 9500,
  "weight_norm_reduction": 0.6889595484592441,
  "benford_chi2_reduction": 0.9377054906734161,
  "p1_change": 0.13329976906571625,
  "condition": "baseline",
  "seed": 37
}