{
  "final_test_acc": 1.0,
  "final_test_loss": 0.0006605861708521843,
  "steps_to_0.5": 7500,
  "steps_to_0.9": 9000,
  "weight_norm_reduction": 0.6891005154448585,
  "benford_chi2_reduction": 0.9838477803920236,
  "p1_change": 0.11651241749873076,
  "condition": "full_steerage_v3",
  "seed": 52
}