{
  "final_test_acc": 1.0,
  "final_test_loss": 6.991535428824136e-06,
  "steps_to_0.5": 9000,
  "steps_to_0.9": 9500,
  "weight_norm_reduction": 0.6923287883693974,
  "benford_chi2_reduction": 0.9208882168828758,
  "p1_change": 0.13797726797468812,
  "condition": "baseline",
  "seed": 1
}