final_test_acc,final_test_loss,steps_to_0.5,steps_to_0.9,weight_norm_reduction,benford_chi2_reduction,p1_change,condition,seed
1.0,0.0002658219600562006,5500,6000,0.6772761387889943,0.7681372773913043,0.14151996657831048,full_steerage_v3,2
0.9988405704498291,0.023475171998143196,6500,7000,0.6260348348120439,0.7643523453237988,0.10362254379393801,full_steerage_v3,0
1.0,0.0013708064798265696,7000,7000,0.6478961195208729,0.7855953272540727,0.11937539616226808,full_steerage_v3,1
