{
  "final_test_acc": 1.0,
  "final_test_loss": 1.4963225112296641e-05,
  "steps_to_0.5": 7500,
  "steps_to_0.9": 8500,
  "weight_norm_reduction": 0.7407538487678452,
  "benford_chi2_reduction": 0.8049869800298731,
  "p1_change": 0.1624309845151464,
  "condition": "full_steerage_v3",
  "seed": 27
}