{
  "final_test_acc": 1.0,
  "final_test_loss": 0.0004947941051796079,
  "steps_to_0.5": 7000,
  "steps_to_0.9": 7500,
  "weight_norm_reduction": 0.7050256458892249,
  "benford_chi2_reduction": 0.9927186425815661,
  "p1_change": 0.09493965772550347,
  "condition": "full_steerage_v3",
  "seed": 32
}