{
  "final_test_acc": 1.0,
  "final_test_loss": 1.0681780622689985e-05,
  "steps_to_0.5": 7500,
  "steps_to_0.9": 7500,
  "weight_norm_reduction": 0.7483790424410709,
  "benford_chi2_reduction": 0.8035812013713762,
  "p1_change": 0.1610432708580132,
  "condition": "full_steerage_v3",
  "seed": 34
}