{
  "final_test_acc": 1.0,
  "final_test_loss": 0.005700572859495878,
  "steps_to_0.5": 5500,
  "steps_to_0.9": 6500,
  "weight_norm_reduction": 0.7509522833565468,
  "benford_chi2_reduction": 0.9729743630130536,
  "p1_change": 0.1643686253889593,
  "condition": "full_steerage_v1",
  "seed": 104
}