{
  "final_test_acc": 1.0,
  "final_test_loss": 5.3326537454267964e-05,
  "steps_to_0.5": 6000,
  "steps_to_0.9": 6500,
  "weight_norm_reduction": 0.7804846695992127,
  "benford_chi2_reduction": 0.992139234294799,
  "p1_change": 0.1278757779186355,
  "condition": "full_steerage_v2",
  "seed": 87
}