{
  "final_test_acc": 1.0,
  "final_test_loss": 1.0554328582657035e-05,
  "steps_to_0.5": 7500,
  "steps_to_0.9": 7500,
  "weight_norm_reduction": 0.7524750498112162,
  "benford_chi2_reduction": 0.8457044639653906,
  "p1_change": 0.1507250592316805,
  "condition": "full_steerage_v3",
  "seed": 86
}