{
  "final_test_acc": 1.0,
  "final_test_loss": 8.154074748745188e-05,
  "steps_to_0.5": 6500,
  "steps_to_0.9": 7000,
  "weight_norm_reduction": 0.7235519352418233,
  "benford_chi2_reduction": 0.9802377436947609,
  "p1_change": 0.12816971285770287,
  "condition": "baseline",
  "seed": 95
}