{
  "final_test_acc": 1.0,
  "final_test_loss": 3.7349182093748823e-06,
  "steps_to_0.5": 6500,
  "steps_to_0.9": 7500,
  "weight_norm_reduction": 0.7694571651996115,
  "benford_chi2_reduction": 0.9953848158266251,
  "p1_change": 0.09159941402944663,
  "condition": "full_steerage_v3",
  "seed": 19
}