{
  "final_test_acc": 1.0,
  "final_test_loss": 7.832430128473788e-05,
  "steps_to_0.5": 7500,
  "steps_to_0.9": 8500,
  "weight_norm_reduction": 0.7360992090557796,
  "benford_chi2_reduction": 0.9877055052584591,
  "p1_change": 0.13743487031229584,
  "condition": "baseline",
  "seed": 92
}