{
  "final_test_acc": 1.0,
  "final_test_loss": 4.0502498450223356e-05,
  "steps_to_0.5": 9500,
  "steps_to_0.9": 9500,
  "weight_norm_reduction": 0.6656406920013482,
  "benford_chi2_reduction": 0.8192138288455925,
  "p1_change": 0.149003754955086,
  "condition": "baseline",
  "seed": 82
}