{
  "final_test_acc": 1.0,
  "final_test_loss": 0.0003050302329938859,
  "steps_to_0.5": 8000,
  "steps_to_0.9": 8500,
  "weight_norm_reduction": 0.7717175716764683,
  "benford_chi2_reduction": 0.997759103055244,
  "p1_change": 0.1378788751872767,
  "condition": "full_steerage",
  "seed": 47
}