{
  "final_test_acc": 1.0,
  "final_test_loss": 0.00027930238866247237,
  "steps_to_0.5": 9000,
  "steps_to_0.9": 9500,
  "weight_norm_reduction": 0.72291011996081,
  "benford_chi2_reduction": 0.9638965751645949,
  "p1_change": 0.15500559421142035,
  "condition": "baseline",
  "seed": 120
}