{
  "final_test_acc": 1.0,
  "final_test_loss": 0.0001890867279144004,
  "steps_to_0.5": 8000,
  "steps_to_0.9": 8500,
  "weight_norm_reduction": 0.7696569005887332,
  "benford_chi2_reduction": 0.9877564055277558,
  "p1_change": 0.13740888267834503,
  "condition": "full_steerage_v2",
  "seed": 16
}