{
  "final_test_acc": 1.0,
  "final_test_loss": 0.00022241912665776908,
  "steps_to_0.5": 5500,
  "steps_to_0.9": 7000,
  "weight_norm_reduction": 0.7190081440612137,
  "benford_chi2_reduction": 0.997607996233278,
  "p1_change": 0.09190456295481467,
  "condition": "full_steerage_v3",
  "seed": 114
}