{
  "final_test_acc": 1.0,
  "final_test_loss": 0.009627701714634895,
  "steps_to_0.5": 7000,
  "steps_to_0.9": 8500,
  "weight_norm_reduction": 0.7512149052489855,
  "benford_chi2_reduction": 0.9815478052974067,
  "p1_change": 0.158135372248473,
  "condition": "full_steerage_v2",
  "seed": 112
}