{
  "final_test_acc": 1.0,
  "final_test_loss": 1.2409160262905061e-05,
  "steps_to_0.5": 7500,
  "steps_to_0.9": 8000,
  "weight_norm_reduction": 0.7506543339762323,
  "benford_chi2_reduction": 0.9031157112040953,
  "p1_change": 0.13153716787950584,
  "condition": "full_steerage_v3",
  "seed": 47
}