{
  "final_test_acc": 1.0,
  "final_test_loss": 7.912678847787902e-05,
  "steps_to_0.5": 8000,
  "steps_to_0.9": 9000,
  "weight_norm_reduction": 0.7203231194929788,
  "benford_chi2_reduction": 0.9875642643943204,
  "p1_change": 0.14382125473670457,
  "condition": "baseline",
  "seed": 112
}