{
  "final_test_acc": 1.0,
  "final_test_loss": 8.16662850411376e-06,
  "steps_to_0.5": 9000,
  "steps_to_0.9": 9500,
  "weight_norm_reduction": 0.693358846982448,
  "benford_chi2_reduction": 0.9258560331214023,
  "p1_change": 0.13662854129541402,
  "condition": "baseline",
  "seed": 96
}