{
  "final_test_acc": 1.0,
  "final_test_loss": 0.00025027451920323074,
  "steps_to_0.5": 7000,
  "steps_to_0.9": 8000,
  "weight_norm_reduction": 0.6538567534847849,
  "benford_chi2_reduction": 0.9923169108114389,
  "p1_change": 0.08435093712980202,
  "condition": "full_steerage_v3",
  "seed": 35
}