{
  "final_test_acc": 1.0,
  "final_test_loss": 3.491906318231486e-05,
  "steps_to_0.5": 9500,
  "steps_to_0.9": 9500,
  "weight_norm_reduction": 0.6789560044643814,
  "benford_chi2_reduction": 0.8316944388249167,
  "p1_change": 0.15150601656544352,
  "condition": "baseline",
  "seed": 65
}