{
  "final_test_acc": 1.0,
  "final_test_loss": 0.0004672601062338799,
  "steps_to_0.5": 9000,
  "steps_to_0.9": 10000,
  "weight_norm_reduction": 0.7112519684919065,
  "benford_chi2_reduction": 0.9206913599035313,
  "p1_change": 0.14958186332157325,
  "condition": "baseline",
  "seed": 100
}