{
  "final_test_acc": 1.0,
  "final_test_loss": 3.44297441188246e-05,
  "steps_to_0.5": 9500,
  "steps_to_0.9": 9500,
  "weight_norm_reduction": 0.6747291340829743,
  "benford_chi2_reduction": 0.8506373699582047,
  "p1_change": 0.15131792786485798,
  "condition": "baseline",
  "seed": 80
}