{
  "final_test_acc": 1.0,
  "final_test_loss": 0.00019515212625265121,
  "steps_to_0.5": 8000,
  "steps_to_0.9": 8500,
  "weight_norm_reduction": 0.7702910493875885,
  "benford_chi2_reduction": 0.9901699764224942,
  "p1_change": 0.1325603967385041,
  "condition": "full_steerage_v2",
  "seed": 64
}