{
  "final_test_acc": 1.0,
  "final_test_loss": 7.087544418027392e-06,
  "steps_to_0.5": 8500,
  "steps_to_0.9": 9500,
  "weight_norm_reduction": 0.6984436324307035,
  "benford_chi2_reduction": 0.9320542321618325,
  "p1_change": 0.1343930701531076,
  "condition": "baseline",
  "seed": 19
}