{
  "final_test_acc": 1.0,
  "final_test_loss": 6.7747273533314e-06,
  "steps_to_0.5": 6500,
  "steps_to_0.9": 6500,
  "weight_norm_reduction": 0.7116449945509341,
  "benford_chi2_reduction": 0.9736926441250938,
  "p1_change": 0.11748355502418448,
  "condition": "baseline",
  "seed": 98
}